[
    {
        "actionName": "Action",
        "steps": [
            {
                "stepId": "STEP1",
                "stepName": "Url: WebTours",
                "infFile": "t2.inf",
                "time": 1666467297568
            },
            {
                "stepId": "STEP2",
                "stepName": "Submit Data: login.pl",
                "infFile": "t3.inf",
                "time": 1666467302736
            },
            {
                "stepId": "STEP3",
                "stepName": "Url: Search Flights Button",
                "infFile": "t4.inf",
                "time": 1666467307932
            },
            {
                "stepId": "STEP4",
                "stepName": "Submit Data: reservations.pl",
                "infFile": "t6.inf",
                "time": 1666467313025
            },
            {
                "stepId": "STEP5",
                "stepName": "Submit Data: reservations.pl_2",
                "infFile": "t7.inf",
                "time": 1666467318109
            },
            {
                "stepId": "STEP6",
                "stepName": "Submit Data: reservations.pl_3",
                "infFile": "t8.inf",
                "time": 1666467323216
            },
            {
                "stepId": "STEP7",
                "stepName": "Url: Itinerary Button",
                "infFile": "t10.inf",
                "time": 1666467328392
            },
            {
                "stepId": "STEP8",
                "stepName": "Url: SignOff Button",
                "infFile": "t11.inf",
                "time": 1666467333520
            }
        ],
        "transactions": [
            {
                "transactionName": "open_home_page",
                "rawStartTime": 1666467297387,
                "rawEndTime": 1666467297571,
                "thinkTime": 0.0,
                "wastedTime": 0.08314204216003418
            },
            {
                "transactionName": "login",
                "rawStartTime": 1666467302609,
                "rawEndTime": 1666467302737,
                "thinkTime": 0.0,
                "wastedTime": 0.004570960998535156
            },
            {
                "transactionName": "click_flights",
                "rawStartTime": 1666467307775,
                "rawEndTime": 1666467307932,
                "thinkTime": 0.0,
                "wastedTime": 0.00577855110168457
            },
            {
                "transactionName": "click_find_flights",
                "rawStartTime": 1666467312966,
                "rawEndTime": 1666467313026,
                "thinkTime": 0.0,
                "wastedTime": 0.005471229553222656
            },
            {
                "transactionName": "choose_flight",
                "rawStartTime": 1666467318047,
                "rawEndTime": 1666467318109,
                "thinkTime": 0.0,
                "wastedTime": 0.003110170364379883
            },
            {
                "transactionName": "fill_payment_details",
                "rawStartTime": 1666467323152,
                "rawEndTime": 1666467323217,
                "thinkTime": 0.0,
                "wastedTime": 0.0033566951751708986
            },
            {
                "transactionName": "click_itinerary",
                "rawStartTime": 1666467328246,
                "rawEndTime": 1666467328392,
                "thinkTime": 0.0,
                "wastedTime": 0.00658726692199707
            },
            {
                "transactionName": "logout",
                "rawStartTime": 1666467333425,
                "rawEndTime": 1666467333521,
                "thinkTime": 0.0,
                "wastedTime": 0.0033845901489257814
            },
            {
                "transactionName": "UC1_BuyTicket",
                "rawStartTime": 1666467297370,
                "rawEndTime": 1666467333537,
                "thinkTime": 35.03093,
                "wastedTime": 0.1154015064239502
            }
        ]
    }
]