[
    {
        "actionName": "Action",
        "steps": [
            {
                "stepId": "STEP1",
                "stepName": "Url: WebTours",
                "infFile": "t2.inf",
                "time": 1666467263351
            },
            {
                "stepId": "STEP2",
                "stepName": "Submit Data: login.pl",
                "infFile": "t3.inf",
                "time": 1666467268529
            },
            {
                "stepId": "STEP3",
                "stepName": "Url: Search Flights Button",
                "infFile": "t4.inf",
                "time": 1666467273712
            }
        ],
        "transactions": [
            {
                "transactionName": "open_home_page",
                "rawStartTime": 1666467263144,
                "rawEndTime": 1666467263354,
                "thinkTime": 0.0,
                "wastedTime": 0.09454607963562012
            },
            {
                "transactionName": "login",
                "rawStartTime": 1666467268388,
                "rawEndTime": 1666467268530,
                "thinkTime": 0.0,
                "wastedTime": 0.006017208099365234
            },
            {
                "transactionName": "click_flights",
                "rawStartTime": 1666467273574,
                "rawEndTime": 1666467273712,
                "thinkTime": 0.0,
                "wastedTime": 0.0053577423095703129
            },
            {
                "transactionName": "UC5_Authorization",
                "rawStartTime": 1666467263127,
                "rawEndTime": 1666467273714,
                "thinkTime": 10.025441,
                "wastedTime": 0.10592103004455567
            }
        ]
    }
]