<?xml version="1.0" encoding="utf-8"?>
<VugenScriptMetadata>
  <ScriptName>UC2_Registration</ScriptName>
  <Protocol>Web - HTTP/HTML</Protocol>
  <ActionFiles>
    <FileEntry Name="vuser_init.c" Filter="2" />
    <FileEntry Name="Action.c" Filter="2" />
    <FileEntry Name="vuser_end.c" Filter="2" />
  </ActionFiles>
  <GeneralFiles>
    <FileEntry Name="UC2_Registration.usr" Filter="4" />
    <FileEntry Name="default.cfg" Filter="4" />
    <FileEntry Name="default.usp" Filter="4" />
    <FileEntry Name="UC2_Registration.prm" Filter="2" />
    <FileEntry Name="globals.h" Filter="2" />
    <FileEntry Name="combined_UC2_Registration.c" Filter="2" />
    <FileEntry Name="pre_cci.c" Filter="2" />
    <FileEntry Name="151707552440.idx" Filter="1" />
    <FileEntry Name="89788385440.idx" Filter="1" />
    <FileEntry Name="8978838544_09l.405.idx" Filter="1" />
    <FileEntry Name="8978838544_0kw.925.idx" Filter="1" />
    <FileEntry Name="8978838544_0Pp.671.idx" Filter="1" />
    <FileEntry Name="8978838544_21p.737.idx" Filter="1" />
    <FileEntry Name="8978838544_2jr.665.idx" Filter="1" />
    <FileEntry Name="8978838544_36b.809.idx" Filter="1" />
    <FileEntry Name="8978838544_3NX.157.idx" Filter="1" />
    <FileEntry Name="8978838544_3UP.387.idx" Filter="1" />
    <FileEntry Name="8978838544_4dz.973.idx" Filter="1" />
    <FileEntry Name="8978838544_4Hf.283.idx" Filter="1" />
    <FileEntry Name="8978838544_57K.421.idx" Filter="1" />
    <FileEntry Name="8978838544_66y.33.idx" Filter="1" />
    <FileEntry Name="8978838544_6o0.773.idx" Filter="1" />
    <FileEntry Name="8978838544_726.317.idx" Filter="1" />
    <FileEntry Name="8978838544_7jf.213.idx" Filter="1" />
    <FileEntry Name="8978838544_7m4.353.idx" Filter="1" />
    <FileEntry Name="8978838544_8Hp.495.idx" Filter="1" />
    <FileEntry Name="8978838544_9gF.77.idx" Filter="1" />
    <FileEntry Name="8978838544_9Js.169.idx" Filter="1" />
    <FileEntry Name="8978838544_9t1.435.idx" Filter="1" />
    <FileEntry Name="8978838544_a5w.777.idx" Filter="1" />
    <FileEntry Name="8978838544_ANw.291.idx" Filter="1" />
    <FileEntry Name="8978838544_atp.381.idx" Filter="1" />
    <FileEntry Name="8978838544_bot.583.idx" Filter="1" />
    <FileEntry Name="8978838544_CA0.387.idx" Filter="1" />
    <FileEntry Name="8978838544_cAJ.101.idx" Filter="1" />
    <FileEntry Name="8978838544_cBB.359.idx" Filter="1" />
    <FileEntry Name="8978838544_CPz.87.idx" Filter="1" />
    <FileEntry Name="8978838544_dM8.817.idx" Filter="1" />
    <FileEntry Name="8978838544_dum.271.idx" Filter="1" />
    <FileEntry Name="8978838544_EaO.507.idx" Filter="1" />
    <FileEntry Name="8978838544_eC2.929.idx" Filter="1" />
    <FileEntry Name="8978838544_ekT.939.idx" Filter="1" />
    <FileEntry Name="8978838544_f7v.831.idx" Filter="1" />
    <FileEntry Name="8978838544_faZ.773.idx" Filter="1" />
    <FileEntry Name="8978838544_FHw.75.idx" Filter="1" />
    <FileEntry Name="8978838544_Fws.915.idx" Filter="1" />
    <FileEntry Name="8978838544_GAu.871.idx" Filter="1" />
    <FileEntry Name="8978838544_gRK.119.idx" Filter="1" />
    <FileEntry Name="8978838544_Gyp.313.idx" Filter="1" />
    <FileEntry Name="8978838544_HUS.659.idx" Filter="1" />
    <FileEntry Name="8978838544_i4L.591.idx" Filter="1" />
    <FileEntry Name="8978838544_i9P.815.idx" Filter="1" />
    <FileEntry Name="8978838544_IHx.763.idx" Filter="1" />
    <FileEntry Name="8978838544_IOc.615.idx" Filter="1" />
    <FileEntry Name="8978838544_IRx.895.idx" Filter="1" />
    <FileEntry Name="8978838544_IvU.85.idx" Filter="1" />
    <FileEntry Name="8978838544_IyP.707.idx" Filter="1" />
    <FileEntry Name="8978838544_Jdd.941.idx" Filter="1" />
    <FileEntry Name="8978838544_jgd.905.idx" Filter="1" />
    <FileEntry Name="8978838544_jJ2.273.idx" Filter="1" />
    <FileEntry Name="8978838544_JUB.177.idx" Filter="1" />
    <FileEntry Name="8978838544_Jw9.391.idx" Filter="1" />
    <FileEntry Name="8978838544_JYr.983.idx" Filter="1" />
    <FileEntry Name="8978838544_K9o.649.idx" Filter="1" />
    <FileEntry Name="8978838544_Kbj.505.idx" Filter="1" />
    <FileEntry Name="8978838544_kps.719.idx" Filter="1" />
    <FileEntry Name="8978838544_KWb.165.idx" Filter="1" />
    <FileEntry Name="8978838544_Ky3.11.idx" Filter="1" />
    <FileEntry Name="8978838544_kye.471.idx" Filter="1" />
    <FileEntry Name="8978838544_lJZ.839.idx" Filter="1" />
    <FileEntry Name="8978838544_lMr.551.idx" Filter="1" />
    <FileEntry Name="8978838544_M6O.161.idx" Filter="1" />
    <FileEntry Name="8978838544_MCu.445.idx" Filter="1" />
    <FileEntry Name="8978838544_mDQ.681.idx" Filter="1" />
    <FileEntry Name="8978838544_n3b.167.idx" Filter="1" />
    <FileEntry Name="8978838544_nkB.899.idx" Filter="1" />
    <FileEntry Name="8978838544_NOE.529.idx" Filter="1" />
    <FileEntry Name="8978838544_nQA.921.idx" Filter="1" />
    <FileEntry Name="8978838544_nTC.399.idx" Filter="1" />
    <FileEntry Name="8978838544_o0F.491.idx" Filter="1" />
    <FileEntry Name="8978838544_OwM.237.idx" Filter="1" />
    <FileEntry Name="8978838544_PXX.371.idx" Filter="1" />
    <FileEntry Name="8978838544_qAA.231.idx" Filter="1" />
    <FileEntry Name="8978838544_Qkx.399.idx" Filter="1" />
    <FileEntry Name="8978838544_qXd.621.idx" Filter="1" />
    <FileEntry Name="8978838544_rEO.111.idx" Filter="1" />
    <FileEntry Name="8978838544_Rgp.543.idx" Filter="1" />
    <FileEntry Name="8978838544_sbC.365.idx" Filter="1" />
    <FileEntry Name="8978838544_sgc.35.idx" Filter="1" />
    <FileEntry Name="8978838544_sLK.267.idx" Filter="1" />
    <FileEntry Name="8978838544_THv.225.idx" Filter="1" />
    <FileEntry Name="8978838544_tMv.265.idx" Filter="1" />
    <FileEntry Name="8978838544_tRG.235.idx" Filter="1" />
    <FileEntry Name="8978838544_txK.145.idx" Filter="1" />
    <FileEntry Name="8978838544_TY4.215.idx" Filter="1" />
    <FileEntry Name="8978838544_TYZ.361.idx" Filter="1" />
    <FileEntry Name="8978838544_uw6.71.idx" Filter="1" />
    <FileEntry Name="8978838544_V9O.977.idx" Filter="1" />
    <FileEntry Name="8978838544_VVv.215.idx" Filter="1" />
    <FileEntry Name="8978838544_WEQ.623.idx" Filter="1" />
    <FileEntry Name="8978838544_Wpt.563.idx" Filter="1" />
    <FileEntry Name="8978838544_wpT.767.idx" Filter="1" />
    <FileEntry Name="8978838544_WqE.989.idx" Filter="1" />
    <FileEntry Name="8978838544_xQ6.513.idx" Filter="1" />
    <FileEntry Name="8978838544_Xwz.49.idx" Filter="1" />
    <FileEntry Name="8978838544_Yat.263.idx" Filter="1" />
    <FileEntry Name="8978838544_ynD.529.idx" Filter="1" />
    <FileEntry Name="8978838544_YvG.503.idx" Filter="1" />
    <FileEntry Name="8978838544_zEk.177.idx" Filter="1" />
    <FileEntry Name="8978838544_ZiI.259.idx" Filter="1" />
    <FileEntry Name="8978838544_zJX.13.idx" Filter="1" />
    <FileEntry Name="Bookmarks.xml" Filter="1" />
    <FileEntry Name="Breakpoints.xml" Filter="1" />
    <FileEntry Name="CompilerLogMetadata.xml" Filter="1" />
    <FileEntry Name="custom_body_variables.txt" Filter="1" />
    <FileEntry Name="logfile.log" Filter="1" />
    <FileEntry Name="lrw_custom_body.h" Filter="1" />
    <FileEntry Name="mdrv.log" Filter="1" />
    <FileEntry Name="mdrv_cmd.txt" Filter="1" />
    <FileEntry Name="NewParam(1).dat" Filter="1" />
    <FileEntry Name="NewParam(2).dat" Filter="1" />
    <FileEntry Name="NewParam(3).dat" Filter="1" />
    <FileEntry Name="NewParam.dat" Filter="1" />
    <FileEntry Name="NewParam_1(1).dat" Filter="1" />
    <FileEntry Name="NewParam_1(2).dat" Filter="1" />
    <FileEntry Name="NewParam_1.dat" Filter="1" />
    <FileEntry Name="NewParam_2(1).dat" Filter="1" />
    <FileEntry Name="NewParam_2.dat" Filter="1" />
    <FileEntry Name="NewParam_3.dat" Filter="1" />
    <FileEntry Name="NewParam_4.dat" Filter="1" />
    <FileEntry Name="NewParam_5.dat" Filter="1" />
    <FileEntry Name="NewParam_6.dat" Filter="1" />
    <FileEntry Name="options.txt" Filter="1" />
    <FileEntry Name="output.bak" Filter="1" />
    <FileEntry Name="output.txt" Filter="1" />
    <FileEntry Name="OutputColoringDatabase.json" Filter="1" />
    <FileEntry Name="RandomUser.dat" Filter="1" />
    <FileEntry Name="ReplaySummaryReport.xml" Filter="1" />
    <FileEntry Name="ScriptUploadMetadata.xml" Filter="1" />
    <FileEntry Name="ThumbnailsCache.tmp" Filter="1" />
    <FileEntry Name="TransactionsData.db" Filter="1" />
    <FileEntry Name="UC2_Registration.c.pickle" Filter="1" />
    <FileEntry Name="UC2_Registration.ci" Filter="1" />
    <FileEntry Name="UC2_Registration.prm.bak" Filter="1" />
    <FileEntry Name="UserTasks.xml" Filter="1" />
    <FileEntry Name="data\" Filter="1" />
    <FileEntry Name="result1\" Filter="1" />
  </GeneralFiles>
</VugenScriptMetadata>