[
    {
        "actionName": "Action",
        "steps": [
            {
                "stepId": "STEP1",
                "stepName": "Url: WebTours",
                "infFile": "t2.inf",
                "time": 1665596159950
            },
            {
                "stepId": "STEP2",
                "stepName": "Submit Data: login.pl",
                "infFile": "t3.inf",
                "time": 1665596160233
            }
        ],
        "transactions": [
            {
                "transactionName": "open_home_page",
                "rawStartTime": 1665596159799,
                "rawEndTime": 1665596159953,
                "thinkTime": 0.0,
                "wastedTime": 0.06980562210083008
            },
            {
                "transactionName": "Click_login",
                "rawStartTime": 1665596159986,
                "rawEndTime": 1665596160234,
                "thinkTime": 0.0,
                "wastedTime": 0.005310535430908203
            },
            {
                "transactionName": "UC5_Authorization",
                "rawStartTime": 1665596159784,
                "rawEndTime": 1665596160251,
                "thinkTime": 0.0,
                "wastedTime": 0.07511615753173828
            }
        ]
    }
]