[
    {
        "actionName": "Action",
        "steps": [
            {
                "stepId": "STEP1",
                "stepName": "Url: WebTours",
                "infFile": "t2.inf",
                "time": 1666467357908
            },
            {
                "stepId": "STEP2",
                "stepName": "Submit Data: login.pl",
                "infFile": "t3.inf",
                "time": 1666467363092
            },
            {
                "stepId": "STEP3",
                "stepName": "Url: Search Flights Button",
                "infFile": "t4.inf",
                "time": 1666467368273
            },
            {
                "stepId": "STEP4",
                "stepName": "Submit Data: reservations.pl",
                "infFile": "t6.inf",
                "time": 1666467373366
            },
            {
                "stepId": "STEP5",
                "stepName": "Submit Data: reservations.pl_2",
                "infFile": "t7.inf",
                "time": 1666467378463
            }
        ],
        "transactions": [
            {
                "transactionName": "open_home_page",
                "rawStartTime": 1666467357752,
                "rawEndTime": 1666467357911,
                "thinkTime": 0.0,
                "wastedTime": 0.0764775276184082
            },
            {
                "transactionName": "login",
                "rawStartTime": 1666467362952,
                "rawEndTime": 1666467363092,
                "thinkTime": 0.0,
                "wastedTime": 0.004961729049682617
            },
            {
                "transactionName": "click_flights",
                "rawStartTime": 1666467368136,
                "rawEndTime": 1666467368273,
                "thinkTime": 0.0,
                "wastedTime": 0.0051038265228271488
            },
            {
                "transactionName": "click_find_flights",
                "rawStartTime": 1666467373298,
                "rawEndTime": 1666467373367,
                "thinkTime": 0.0,
                "wastedTime": 0.00583338737487793
            },
            {
                "transactionName": "choose_flight",
                "rawStartTime": 1666467378395,
                "rawEndTime": 1666467378463,
                "thinkTime": 0.0,
                "wastedTime": 0.004597902297973633
            },
            {
                "transactionName": "UC4_BookingTickets",
                "rawStartTime": 1666467357736,
                "rawEndTime": 1666467383500,
                "thinkTime": 25.040633999999998,
                "wastedTime": 0.09697437286376953
            }
        ]
    }
]