[
    {
        "actionName": "Action",
        "steps": [
            {
                "stepId": "STEP1",
                "stepName": "Url: WebTours",
                "infFile": "t2.inf",
                "time": 1666467400129
            },
            {
                "stepId": "STEP2",
                "stepName": "Submit Data: login.pl",
                "infFile": "t3.inf",
                "time": 1666467405342
            },
            {
                "stepId": "STEP3",
                "stepName": "Url: button_next.gif",
                "infFile": "t4.inf",
                "time": 1666467410584
            },
            {
                "stepId": "STEP4",
                "stepName": "Url: SignOff Button",
                "infFile": "t5.inf",
                "time": 1666467415706
            }
        ],
        "transactions": [
            {
                "transactionName": "open_home_page",
                "rawStartTime": 1666467399981,
                "rawEndTime": 1666467400132,
                "thinkTime": 0.0,
                "wastedTime": 0.06944751739501953
            },
            {
                "transactionName": "Customer_Profile",
                "rawStartTime": 1666467405156,
                "rawEndTime": 1666467405357,
                "thinkTime": 0.0,
                "wastedTime": 0.005035400390625
            },
            {
                "transactionName": "Continue_after_registration",
                "rawStartTime": 1666467410402,
                "rawEndTime": 1666467410587,
                "thinkTime": 0.0,
                "wastedTime": 0.005197286605834961
            },
            {
                "transactionName": "logout",
                "rawStartTime": 1666467415623,
                "rawEndTime": 1666467415706,
                "thinkTime": 0.0,
                "wastedTime": 0.004627227783203125
            },
            {
                "transactionName": "Registration",
                "rawStartTime": 1666467399965,
                "rawEndTime": 1666467415715,
                "thinkTime": 15.018167000000002,
                "wastedTime": 0.08430743217468262
            }
        ]
    }
]