[
    {
        "actionName": "Action",
        "steps": [
            {
                "stepId": "STEP1",
                "stepName": "Url: WebTours",
                "infFile": "t2.inf",
                "time": 1665587451329
            },
            {
                "stepId": "STEP2",
                "stepName": "Submit Data: login.pl",
                "infFile": "t3.inf",
                "time": 1665587451529
            },
            {
                "stepId": "STEP3",
                "stepName": "Url: button_next.gif",
                "infFile": "t4.inf",
                "time": 1665587451745
            }
        ],
        "transactions": [
            {
                "transactionName": "open_home_page",
                "rawStartTime": 1665587451121,
                "rawEndTime": 1665587451332,
                "thinkTime": 0.0,
                "wastedTime": 0.10889673233032227
            },
            {
                "transactionName": "Customer_Profile",
                "rawStartTime": 1665587451367,
                "rawEndTime": 1665587451547,
                "thinkTime": 0.0,
                "wastedTime": 0.006314992904663086
            },
            {
                "transactionName": "Continue_after_registration",
                "rawStartTime": 1665587451572,
                "rawEndTime": 1665587451764,
                "thinkTime": 0.0,
                "wastedTime": 0.005408525466918945
            },
            {
                "transactionName": "Registration",
                "rawStartTime": 1665587451105,
                "rawEndTime": 1665587451780,
                "thinkTime": 0.0,
                "wastedTime": 0.1206202507019043
            }
        ]
    }
]