<?xml version="1.0" encoding="UTF-8"?><SLA Version="1.0"><TxList><Tx>vuser_end_Transaction</Tx><Tx>Continue_after_registration</Tx><Tx>click_itinerary</Tx><Tx>Customer_Profile</Tx><Tx>UC1_BuyTicket</Tx><Tx>UC6_CheckItinerary</Tx><Tx>UC4_BookingTickets</Tx><Tx>vuser_init_Transaction</Tx><Tx>UC2_Registration</Tx><Tx>UC3_Delete</Tx><Tx>UC5_Authorization</Tx><Tx>Action_Transaction</Tx></TxList><SLARules><TrackingPeriodType>Default</TrackingPeriodType><TrackingPeriodValue></TrackingPeriodValue><TrackingPeriodTimeScale></TrackingPeriodTimeScale></SLARules></SLA>