<?xml version="1.0" encoding="utf-8"?>
<VugenScriptMetadata>
  <ScriptName>UC4_BookingTickets</ScriptName>
  <Protocol>Web - HTTP/HTML</Protocol>
  <ActionFiles>
    <FileEntry Name="vuser_init.c" Filter="2" />
    <FileEntry Name="Action.c" Filter="2" />
    <FileEntry Name="vuser_end.c" Filter="2" />
  </ActionFiles>
  <GeneralFiles>
    <FileEntry Name="UC4_BookingTickets.usr" Filter="4" />
    <FileEntry Name="default.cfg" Filter="4" />
    <FileEntry Name="default.usp" Filter="4" />
    <FileEntry Name="UC4_BookingTickets.prm" Filter="2" />
    <FileEntry Name="globals.h" Filter="2" />
    <FileEntry Name="combined_UC4_BookingTickets.c" Filter="2" />
    <FileEntry Name="pre_cci.c" Filter="2" />
    <FileEntry Name="135467789440.idx" Filter="1" />
    <FileEntry Name="169894456440.idx" Filter="1" />
    <FileEntry Name="16989445644_7Ez.607.idx" Filter="1" />
    <FileEntry Name="16989445644_aDQ.225.idx" Filter="1" />
    <FileEntry Name="16989445644_b5h.335.idx" Filter="1" />
    <FileEntry Name="16989445644_clc.767.idx" Filter="1" />
    <FileEntry Name="16989445644_DuX.503.idx" Filter="1" />
    <FileEntry Name="16989445644_EAq.591.idx" Filter="1" />
    <FileEntry Name="16989445644_eHg.609.idx" Filter="1" />
    <FileEntry Name="16989445644_fWG.639.idx" Filter="1" />
    <FileEntry Name="16989445644_ib1.957.idx" Filter="1" />
    <FileEntry Name="16989445644_lkz.657.idx" Filter="1" />
    <FileEntry Name="16989445644_mIX.253.idx" Filter="1" />
    <FileEntry Name="16989445644_N6b.357.idx" Filter="1" />
    <FileEntry Name="16989445644_nS6.449.idx" Filter="1" />
    <FileEntry Name="16989445644_oyu.215.idx" Filter="1" />
    <FileEntry Name="16989445644_sLL.375.idx" Filter="1" />
    <FileEntry Name="16989445644_SXH.901.idx" Filter="1" />
    <FileEntry Name="16989445644_UlM.385.idx" Filter="1" />
    <FileEntry Name="16989445644_Vu3.751.idx" Filter="1" />
    <FileEntry Name="16989445644_xeb.153.idx" Filter="1" />
    <FileEntry Name="16989445644_Zq7.449.idx" Filter="1" />
    <FileEntry Name="Bookmarks.xml" Filter="1" />
    <FileEntry Name="Breakpoints.xml" Filter="1" />
    <FileEntry Name="CompilerLogMetadata.xml" Filter="1" />
    <FileEntry Name="custom_body_variables.txt" Filter="1" />
    <FileEntry Name="logfile.log" Filter="1" />
    <FileEntry Name="lrw_custom_body.h" Filter="1" />
    <FileEntry Name="mdrv.log" Filter="1" />
    <FileEntry Name="mdrv_cmd.txt" Filter="1" />
    <FileEntry Name="NewParam(1).dat" Filter="1" />
    <FileEntry Name="NewParam(2).dat" Filter="1" />
    <FileEntry Name="NewParam(3).dat" Filter="1" />
    <FileEntry Name="NewParam.dat" Filter="1" />
    <FileEntry Name="NewParam_1(1).dat" Filter="1" />
    <FileEntry Name="NewParam_1(2).dat" Filter="1" />
    <FileEntry Name="NewParam_1.dat" Filter="1" />
    <FileEntry Name="options.txt" Filter="1" />
    <FileEntry Name="output.bak" Filter="1" />
    <FileEntry Name="output.txt" Filter="1" />
    <FileEntry Name="OutputColoringDatabase.json" Filter="1" />
    <FileEntry Name="ReplaySummaryReport.xml" Filter="1" />
    <FileEntry Name="ScriptUploadMetadata.xml" Filter="1" />
    <FileEntry Name="ThumbnailsCache.tmp" Filter="1" />
    <FileEntry Name="TransactionsData.db" Filter="1" />
    <FileEntry Name="UC4_BookingTickets.c.pickle" Filter="1" />
    <FileEntry Name="UC4_BookingTickets.ci" Filter="1" />
    <FileEntry Name="UC4_BookingTickets.prm.bak" Filter="1" />
    <FileEntry Name="UserTasks.xml" Filter="1" />
    <FileEntry Name="data\" Filter="1" />
    <FileEntry Name="result1\" Filter="1" />
  </GeneralFiles>
</VugenScriptMetadata>