[
    {
        "actionName": "Action",
        "steps": [
            {
                "stepId": "STEP1",
                "stepName": "Url: WebTours",
                "infFile": "t2.inf",
                "time": 1666467429141
            },
            {
                "stepId": "STEP2",
                "stepName": "Submit Data: login.pl",
                "infFile": "t3.inf",
                "time": 1666467434310
            },
            {
                "stepId": "STEP3",
                "stepName": "Url: Itinerary Button",
                "infFile": "t5.inf",
                "time": 1666467439459
            },
            {
                "stepId": "STEP4",
                "stepName": "Submit Form: itinerary.pl",
                "infFile": "t6.inf",
                "time": 1666467444542
            }
        ],
        "transactions": [
            {
                "transactionName": "open_home_page",
                "rawStartTime": 1666467428989,
                "rawEndTime": 1666467429144,
                "thinkTime": 0.0,
                "wastedTime": 0.07317590713500977
            },
            {
                "transactionName": "login",
                "rawStartTime": 1666467434185,
                "rawEndTime": 1666467434310,
                "thinkTime": 0.0,
                "wastedTime": 0.006567239761352539
            },
            {
                "transactionName": "click_itinerary",
                "rawStartTime": 1666467439354,
                "rawEndTime": 1666467439460,
                "thinkTime": 0.0,
                "wastedTime": 0.0068356990814208988
            },
            {
                "transactionName": "delete",
                "rawStartTime": 1666467444484,
                "rawEndTime": 1666467444543,
                "thinkTime": 0.0,
                "wastedTime": 0.003761768341064453
            },
            {
                "transactionName": "UC3_Delete",
                "rawStartTime": 1666467428972,
                "rawEndTime": 1666467449571,
                "thinkTime": 20.035457,
                "wastedTime": 0.09034061431884766
            }
        ]
    }
]