{"OutputFileHashSum":"C527DA8A45D2D2CBC50ABDDF8D1548E01739F2B6D7DB5A9FE14AAD806050AC21","Converted":true,"OutputModifyDate":"2022-10-22T19:35:33.5623826Z","Metadatas":[],"MetadataTypes":[{"CategoryName":"VuGen.Replay","MetadataTypeName":"HP.LR.Vugen.Iteration","Id":1},{"CategoryName":"VuGen.Replay","MetadataTypeName":"HP.LR.Vugen.NotifyTransaction","Id":2},{"CategoryName":"VuGen.Replay","MetadataTypeName":"Utt.Debugger.Error","Id":3},{"CategoryName":"VuGen.Replay","MetadataTypeName":"HP.LR.Vugen.NotifyAny","Id":4}]}