<?xml version="1.0" encoding="utf-8"?>
<VugenScriptMetadata>
  <ScriptName>UC1_BuyTicket</ScriptName>
  <Protocol>Web - HTTP/HTML</Protocol>
  <ActionFiles>
    <FileEntry Name="vuser_init.c" Filter="2" />
    <FileEntry Name="Action.c" Filter="2" />
    <FileEntry Name="vuser_end.c" Filter="2" />
  </ActionFiles>
  <GeneralFiles>
    <FileEntry Name="UC1_BuyTicket.usr" Filter="4" />
    <FileEntry Name="default.cfg" Filter="4" />
    <FileEntry Name="default.usp" Filter="4" />
    <FileEntry Name="UC1_BuyTicket.prm" Filter="2" />
    <FileEntry Name="globals.h" Filter="2" />
    <FileEntry Name="combined_UC1_BuyTicket.c" Filter="2" />
    <FileEntry Name="pre_cci.c" Filter="2" />
    <FileEntry Name="105300446440.idx" Filter="1" />
    <FileEntry Name="259182950440.idx" Filter="1" />
    <FileEntry Name="25918295044_0mi.741.idx" Filter="1" />
    <FileEntry Name="25918295044_0y4.715.idx" Filter="1" />
    <FileEntry Name="25918295044_1c6.569.idx" Filter="1" />
    <FileEntry Name="25918295044_28R.961.idx" Filter="1" />
    <FileEntry Name="25918295044_2O2.181.idx" Filter="1" />
    <FileEntry Name="25918295044_2Q1.959.idx" Filter="1" />
    <FileEntry Name="25918295044_2RQ.679.idx" Filter="1" />
    <FileEntry Name="25918295044_2Xr.305.idx" Filter="1" />
    <FileEntry Name="25918295044_35O.7.idx" Filter="1" />
    <FileEntry Name="25918295044_36d.973.idx" Filter="1" />
    <FileEntry Name="25918295044_3JE.877.idx" Filter="1" />
    <FileEntry Name="25918295044_3Ud.907.idx" Filter="1" />
    <FileEntry Name="25918295044_47W.191.idx" Filter="1" />
    <FileEntry Name="25918295044_49Y.565.idx" Filter="1" />
    <FileEntry Name="25918295044_4X4.43.idx" Filter="1" />
    <FileEntry Name="25918295044_5cP.327.idx" Filter="1" />
    <FileEntry Name="25918295044_5oa.709.idx" Filter="1" />
    <FileEntry Name="25918295044_5pZ.227.idx" Filter="1" />
    <FileEntry Name="25918295044_6i2.601.idx" Filter="1" />
    <FileEntry Name="25918295044_7eG.95.idx" Filter="1" />
    <FileEntry Name="25918295044_7f6.593.idx" Filter="1" />
    <FileEntry Name="25918295044_7H3.405.idx" Filter="1" />
    <FileEntry Name="25918295044_7jf.213.idx" Filter="1" />
    <FileEntry Name="25918295044_7ml.403.idx" Filter="1" />
    <FileEntry Name="25918295044_7vS.479.idx" Filter="1" />
    <FileEntry Name="25918295044_7Xc.421.idx" Filter="1" />
    <FileEntry Name="25918295044_8ED.731.idx" Filter="1" />
    <FileEntry Name="25918295044_8Gz.309.idx" Filter="1" />
    <FileEntry Name="25918295044_8Il.781.idx" Filter="1" />
    <FileEntry Name="25918295044_8UO.437.idx" Filter="1" />
    <FileEntry Name="25918295044_92t.507.idx" Filter="1" />
    <FileEntry Name="25918295044_9Qa.559.idx" Filter="1" />
    <FileEntry Name="25918295044_9Rn.201.idx" Filter="1" />
    <FileEntry Name="25918295044_9ZF.601.idx" Filter="1" />
    <FileEntry Name="25918295044_a3L.161.idx" Filter="1" />
    <FileEntry Name="25918295044_adf.247.idx" Filter="1" />
    <FileEntry Name="25918295044_AmU.63.idx" Filter="1" />
    <FileEntry Name="25918295044_AUL.437.idx" Filter="1" />
    <FileEntry Name="25918295044_AUQ.55.idx" Filter="1" />
    <FileEntry Name="25918295044_Awe.947.idx" Filter="1" />
    <FileEntry Name="25918295044_AwV.287.idx" Filter="1" />
    <FileEntry Name="25918295044_aYs.685.idx" Filter="1" />
    <FileEntry Name="25918295044_b1H.899.idx" Filter="1" />
    <FileEntry Name="25918295044_B33.853.idx" Filter="1" />
    <FileEntry Name="25918295044_bap.913.idx" Filter="1" />
    <FileEntry Name="25918295044_BDy.612.idx" Filter="1" />
    <FileEntry Name="25918295044_bgF.671.idx" Filter="1" />
    <FileEntry Name="25918295044_Bkz.731.idx" Filter="1" />
    <FileEntry Name="25918295044_BTg.475.idx" Filter="1" />
    <FileEntry Name="25918295044_Bvv.659.idx" Filter="1" />
    <FileEntry Name="25918295044_cb3.951.idx" Filter="1" />
    <FileEntry Name="25918295044_cch.953.idx" Filter="1" />
    <FileEntry Name="25918295044_czG.263.idx" Filter="1" />
    <FileEntry Name="25918295044_dHR.325.idx" Filter="1" />
    <FileEntry Name="25918295044_dhv.729.idx" Filter="1" />
    <FileEntry Name="25918295044_dIj.139.idx" Filter="1" />
    <FileEntry Name="25918295044_dpl.991.idx" Filter="1" />
    <FileEntry Name="25918295044_dSW.173.idx" Filter="1" />
    <FileEntry Name="25918295044_e3w.659.idx" Filter="1" />
    <FileEntry Name="25918295044_EeC.353.idx" Filter="1" />
    <FileEntry Name="25918295044_EeF.945.idx" Filter="1" />
    <FileEntry Name="25918295044_Eh5.263.idx" Filter="1" />
    <FileEntry Name="25918295044_eJa.513.idx" Filter="1" />
    <FileEntry Name="25918295044_ejV.405.idx" Filter="1" />
    <FileEntry Name="25918295044_emT.413.idx" Filter="1" />
    <FileEntry Name="25918295044_EnF.55.idx" Filter="1" />
    <FileEntry Name="25918295044_eqj.133.idx" Filter="1" />
    <FileEntry Name="25918295044_ewT.443.idx" Filter="1" />
    <FileEntry Name="25918295044_eXR.671.idx" Filter="1" />
    <FileEntry Name="25918295044_eYs.61.idx" Filter="1" />
    <FileEntry Name="25918295044_f2Y.213.idx" Filter="1" />
    <FileEntry Name="25918295044_FbC.731.idx" Filter="1" />
    <FileEntry Name="25918295044_Fcn.121.idx" Filter="1" />
    <FileEntry Name="25918295044_Fkp.699.idx" Filter="1" />
    <FileEntry Name="25918295044_Fku.823.idx" Filter="1" />
    <FileEntry Name="25918295044_FTQ.479.idx" Filter="1" />
    <FileEntry Name="25918295044_FUX.649.idx" Filter="1" />
    <FileEntry Name="25918295044_fwL.885.idx" Filter="1" />
    <FileEntry Name="25918295044_GLn.959.idx" Filter="1" />
    <FileEntry Name="25918295044_Hcr.153.idx" Filter="1" />
    <FileEntry Name="25918295044_HkR.909.idx" Filter="1" />
    <FileEntry Name="25918295044_Hq4.759.idx" Filter="1" />
    <FileEntry Name="25918295044_hvt.477.idx" Filter="1" />
    <FileEntry Name="25918295044_hWl.443.idx" Filter="1" />
    <FileEntry Name="25918295044_i5v.725.idx" Filter="1" />
    <FileEntry Name="25918295044_Ic5.948.idx" Filter="1" />
    <FileEntry Name="25918295044_ilG.209.idx" Filter="1" />
    <FileEntry Name="25918295044_iTq.391.idx" Filter="1" />
    <FileEntry Name="25918295044_IWh.51.idx" Filter="1" />
    <FileEntry Name="25918295044_iZo.451.idx" Filter="1" />
    <FileEntry Name="25918295044_J2F.71.idx" Filter="1" />
    <FileEntry Name="25918295044_J4L.41.idx" Filter="1" />
    <FileEntry Name="25918295044_J7X.891.idx" Filter="1" />
    <FileEntry Name="25918295044_JAr.997.idx" Filter="1" />
    <FileEntry Name="25918295044_JhG.533.idx" Filter="1" />
    <FileEntry Name="25918295044_jkm.483.idx" Filter="1" />
    <FileEntry Name="25918295044_Jmu.493.idx" Filter="1" />
    <FileEntry Name="25918295044_Jn5.943.idx" Filter="1" />
    <FileEntry Name="25918295044_JPR.61.idx" Filter="1" />
    <FileEntry Name="25918295044_Jpy.819.idx" Filter="1" />
    <FileEntry Name="25918295044_jut.791.idx" Filter="1" />
    <FileEntry Name="25918295044_JZa.413.idx" Filter="1" />
    <FileEntry Name="25918295044_K1u.727.idx" Filter="1" />
    <FileEntry Name="25918295044_kBI.425.idx" Filter="1" />
    <FileEntry Name="25918295044_KbU.421.idx" Filter="1" />
    <FileEntry Name="25918295044_kGv.947.idx" Filter="1" />
    <FileEntry Name="25918295044_Kgy.183.idx" Filter="1" />
    <FileEntry Name="25918295044_kla.803.idx" Filter="1" />
    <FileEntry Name="25918295044_KPk.123.idx" Filter="1" />
    <FileEntry Name="25918295044_kxg.963.idx" Filter="1" />
    <FileEntry Name="25918295044_KXi.573.idx" Filter="1" />
    <FileEntry Name="25918295044_KZE.865.idx" Filter="1" />
    <FileEntry Name="25918295044_ljm.417.idx" Filter="1" />
    <FileEntry Name="25918295044_Lq5.101.idx" Filter="1" />
    <FileEntry Name="25918295044_LrP.227.idx" Filter="1" />
    <FileEntry Name="25918295044_LVW.531.idx" Filter="1" />
    <FileEntry Name="25918295044_Mgg.397.idx" Filter="1" />
    <FileEntry Name="25918295044_Mgw.61.idx" Filter="1" />
    <FileEntry Name="25918295044_Mjy.537.idx" Filter="1" />
    <FileEntry Name="25918295044_mPQ.311.idx" Filter="1" />
    <FileEntry Name="25918295044_mr5.3.idx" Filter="1" />
    <FileEntry Name="25918295044_NJ1.151.idx" Filter="1" />
    <FileEntry Name="25918295044_NlP.525.idx" Filter="1" />
    <FileEntry Name="25918295044_Np6.621.idx" Filter="1" />
    <FileEntry Name="25918295044_nud.217.idx" Filter="1" />
    <FileEntry Name="25918295044_nx4.447.idx" Filter="1" />
    <FileEntry Name="25918295044_nxB.279.idx" Filter="1" />
    <FileEntry Name="25918295044_NYm.725.idx" Filter="1" />
    <FileEntry Name="25918295044_oFy.345.idx" Filter="1" />
    <FileEntry Name="25918295044_ogE.575.idx" Filter="1" />
    <FileEntry Name="25918295044_Oi1.309.idx" Filter="1" />
    <FileEntry Name="25918295044_OKN.257.idx" Filter="1" />
    <FileEntry Name="25918295044_oLE.201.idx" Filter="1" />
    <FileEntry Name="25918295044_OMh.235.idx" Filter="1" />
    <FileEntry Name="25918295044_OsT.383.idx" Filter="1" />
    <FileEntry Name="25918295044_oW9.107.idx" Filter="1" />
    <FileEntry Name="25918295044_OxE.799.idx" Filter="1" />
    <FileEntry Name="25918295044_oYQ.453.idx" Filter="1" />
    <FileEntry Name="25918295044_ozv.541.idx" Filter="1" />
    <FileEntry Name="25918295044_p2a.625.idx" Filter="1" />
    <FileEntry Name="25918295044_p3Z.719.idx" Filter="1" />
    <FileEntry Name="25918295044_P88.37.idx" Filter="1" />
    <FileEntry Name="25918295044_pjm.453.idx" Filter="1" />
    <FileEntry Name="25918295044_prM.861.idx" Filter="1" />
    <FileEntry Name="25918295044_PRO.559.idx" Filter="1" />
    <FileEntry Name="25918295044_PtE.847.idx" Filter="1" />
    <FileEntry Name="25918295044_pWN.478.idx" Filter="1" />
    <FileEntry Name="25918295044_pWz.291.idx" Filter="1" />
    <FileEntry Name="25918295044_pZm.59.idx" Filter="1" />
    <FileEntry Name="25918295044_Q1T.937.idx" Filter="1" />
    <FileEntry Name="25918295044_qBu.727.idx" Filter="1" />
    <FileEntry Name="25918295044_QCO.619.idx" Filter="1" />
    <FileEntry Name="25918295044_qeh.191.idx" Filter="1" />
    <FileEntry Name="25918295044_qEN.799.idx" Filter="1" />
    <FileEntry Name="25918295044_Qkq.887.idx" Filter="1" />
    <FileEntry Name="25918295044_qua.91.idx" Filter="1" />
    <FileEntry Name="25918295044_QWK.81.idx" Filter="1" />
    <FileEntry Name="25918295044_QWq.653.idx" Filter="1" />
    <FileEntry Name="25918295044_qxb.189.idx" Filter="1" />
    <FileEntry Name="25918295044_qXd.621.idx" Filter="1" />
    <FileEntry Name="25918295044_Qze.605.idx" Filter="1" />
    <FileEntry Name="25918295044_R5E.879.idx" Filter="1" />
    <FileEntry Name="25918295044_RFC.831.idx" Filter="1" />
    <FileEntry Name="25918295044_RN8.111.idx" Filter="1" />
    <FileEntry Name="25918295044_RNS.351.idx" Filter="1" />
    <FileEntry Name="25918295044_Roc.385.idx" Filter="1" />
    <FileEntry Name="25918295044_RTR.171.idx" Filter="1" />
    <FileEntry Name="25918295044_s1R.961.idx" Filter="1" />
    <FileEntry Name="25918295044_S7z.637.idx" Filter="1" />
    <FileEntry Name="25918295044_SBN.601.idx" Filter="1" />
    <FileEntry Name="25918295044_sBV.225.idx" Filter="1" />
    <FileEntry Name="25918295044_SE7.371.idx" Filter="1" />
    <FileEntry Name="25918295044_sGO.133.idx" Filter="1" />
    <FileEntry Name="25918295044_t0N.187.idx" Filter="1" />
    <FileEntry Name="25918295044_t28.557.idx" Filter="1" />
    <FileEntry Name="25918295044_T39.807.idx" Filter="1" />
    <FileEntry Name="25918295044_t4b.149.idx" Filter="1" />
    <FileEntry Name="25918295044_tD6.583.idx" Filter="1" />
    <FileEntry Name="25918295044_tPS.211.idx" Filter="1" />
    <FileEntry Name="25918295044_TwD.779.idx" Filter="1" />
    <FileEntry Name="25918295044_Uao.71.idx" Filter="1" />
    <FileEntry Name="25918295044_UAu.57.idx" Filter="1" />
    <FileEntry Name="25918295044_UCB.51.idx" Filter="1" />
    <FileEntry Name="25918295044_ufc.437.idx" Filter="1" />
    <FileEntry Name="25918295044_uwI.873.idx" Filter="1" />
    <FileEntry Name="25918295044_vLr.685.idx" Filter="1" />
    <FileEntry Name="25918295044_vMR.515.idx" Filter="1" />
    <FileEntry Name="25918295044_vRm.157.idx" Filter="1" />
    <FileEntry Name="25918295044_vSr.393.idx" Filter="1" />
    <FileEntry Name="25918295044_vwu.155.idx" Filter="1" />
    <FileEntry Name="25918295044_w5f.523.idx" Filter="1" />
    <FileEntry Name="25918295044_WLh.879.idx" Filter="1" />
    <FileEntry Name="25918295044_wyW.911.idx" Filter="1" />
    <FileEntry Name="25918295044_wzy.435.idx" Filter="1" />
    <FileEntry Name="25918295044_x1C.973.idx" Filter="1" />
    <FileEntry Name="25918295044_X56.429.idx" Filter="1" />
    <FileEntry Name="25918295044_x8y.51.idx" Filter="1" />
    <FileEntry Name="25918295044_xBD.667.idx" Filter="1" />
    <FileEntry Name="25918295044_xeF.759.idx" Filter="1" />
    <FileEntry Name="25918295044_XGF.675.idx" Filter="1" />
    <FileEntry Name="25918295044_XgU.903.idx" Filter="1" />
    <FileEntry Name="25918295044_xqG.813.idx" Filter="1" />
    <FileEntry Name="25918295044_XTB.697.idx" Filter="1" />
    <FileEntry Name="25918295044_XVv.227.idx" Filter="1" />
    <FileEntry Name="25918295044_y5U.751.idx" Filter="1" />
    <FileEntry Name="25918295044_YDZ.441.idx" Filter="1" />
    <FileEntry Name="25918295044_yjo.373.idx" Filter="1" />
    <FileEntry Name="25918295044_yqF.979.idx" Filter="1" />
    <FileEntry Name="25918295044_ZBE.827.idx" Filter="1" />
    <FileEntry Name="25918295044_zip.79.idx" Filter="1" />
    <FileEntry Name="25918295044_ZUd.309.idx" Filter="1" />
    <FileEntry Name="address1.dat" Filter="1" />
    <FileEntry Name="address2.dat" Filter="1" />
    <FileEntry Name="Bookmarks.xml" Filter="1" />
    <FileEntry Name="Breakpoints.xml" Filter="1" />
    <FileEntry Name="CompilerLogMetadata.xml" Filter="1" />
    <FileEntry Name="logfile.log" Filter="1" />
    <FileEntry Name="login.dat" Filter="1" />
    <FileEntry Name="mdrv.log" Filter="1" />
    <FileEntry Name="mdrv_cmd.txt" Filter="1" />
    <FileEntry Name="NewParam(1).dat" Filter="1" />
    <FileEntry Name="NewParam(2).dat" Filter="1" />
    <FileEntry Name="NewParam.dat" Filter="1" />
    <FileEntry Name="NewParam_1(1).dat" Filter="1" />
    <FileEntry Name="NewParam_1.dat" Filter="1" />
    <FileEntry Name="NewParam_2.dat" Filter="1" />
    <FileEntry Name="NewParam_3.dat" Filter="1" />
    <FileEntry Name="options.txt" Filter="1" />
    <FileEntry Name="output.bak" Filter="1" />
    <FileEntry Name="output.txt" Filter="1" />
    <FileEntry Name="OutputColoringDatabase.json" Filter="1" />
    <FileEntry Name="password.dat" Filter="1" />
    <FileEntry Name="ReplaySummaryReport.xml" Filter="1" />
    <FileEntry Name="ScriptUploadMetadata.xml" Filter="1" />
    <FileEntry Name="TransactionsData.db" Filter="1" />
    <FileEntry Name="UC1_BuyTicket.c.pickle" Filter="1" />
    <FileEntry Name="UC1_BuyTicket.ci" Filter="1" />
    <FileEntry Name="UC1_BuyTicket.prm.bak" Filter="1" />
    <FileEntry Name="UserInfo.ba" Filter="1" />
    <FileEntry Name="UserTasks.xml" Filter="1" />
    <FileEntry Name="data\" Filter="1" />
    <FileEntry Name="result1\" Filter="1" />
  </GeneralFiles>
</VugenScriptMetadata>