[
    {
        "actionName": "Action",
        "steps": [
            {
                "stepId": "STEP1",
                "stepName": "Url: WebTours",
                "infFile": "t2.inf",
                "time": 1665595469435
            },
            {
                "stepId": "STEP2",
                "stepName": "Submit Data: login.pl",
                "infFile": "t3.inf",
                "time": 1665595469562
            },
            {
                "stepId": "STEP3",
                "stepName": "Url: Itinerary Button",
                "infFile": "t5.inf",
                "time": 1665595469767
            },
            {
                "stepId": "STEP4",
                "stepName": "Submit Form: itinerary.pl",
                "infFile": "t6.inf",
                "time": 1665595469894
            },
            {
                "stepId": "STEP5",
                "stepName": "Url: SignOff Button",
                "infFile": "t7.inf",
                "time": 1665595470013
            }
        ],
        "transactions": [
            {
                "transactionName": "open_home_page",
                "rawStartTime": 1665595469264,
                "rawEndTime": 1665595469437,
                "thinkTime": 0.0,
                "wastedTime": 0.06988954544067383
            },
            {
                "transactionName": "login",
                "rawStartTime": 1665595469456,
                "rawEndTime": 1665595469562,
                "thinkTime": 0.0,
                "wastedTime": 0.005445241928100586
            },
            {
                "transactionName": "itinerary",
                "rawStartTime": 1665595469596,
                "rawEndTime": 1665595469770,
                "thinkTime": 0.0,
                "wastedTime": 0.0076639652252197269
            },
            {
                "transactionName": "delete",
                "rawStartTime": 1665595469786,
                "rawEndTime": 1665595469898,
                "thinkTime": 0.0,
                "wastedTime": 0.00414276123046875
            },
            {
                "transactionName": "logout",
                "rawStartTime": 1665595469914,
                "rawEndTime": 1665595470014,
                "thinkTime": 0.0,
                "wastedTime": 0.0036377906799316408
            },
            {
                "transactionName": "UC3_Delete",
                "rawStartTime": 1665595469248,
                "rawEndTime": 1665595470023,
                "thinkTime": 0.0,
                "wastedTime": 0.09077930450439453
            }
        ]
    }
]