[
    {
        "actionName": "Action",
        "steps": [
            {
                "stepId": "STEP1",
                "stepName": "Url: WebTours",
                "infFile": "t2.inf",
                "time": 1665596093798
            },
            {
                "stepId": "STEP2",
                "stepName": "Submit Data: login.pl",
                "infFile": "t3.inf",
                "time": 1665596093973
            },
            {
                "stepId": "STEP3",
                "stepName": "Url: Search Flights Button",
                "infFile": "t4.inf",
                "time": 1665596094142
            },
            {
                "stepId": "STEP4",
                "stepName": "Submit Data: reservations.pl",
                "infFile": "t6.inf",
                "time": 1665596094217
            },
            {
                "stepId": "STEP5",
                "stepName": "Submit Data: reservations.pl_2",
                "infFile": "t7.inf",
                "time": 1665596094310
            },
            {
                "stepId": "STEP6",
                "stepName": "Submit Data: reservations.pl_3",
                "infFile": "t8.inf",
                "time": 1665596094492
            },
            {
                "stepId": "STEP7",
                "stepName": "Url: SignOff Button",
                "infFile": "t9.inf",
                "time": 1665596094672
            }
        ],
        "transactions": [
            {
                "transactionName": "open_home_page",
                "rawStartTime": 1665596093646,
                "rawEndTime": 1665596093800,
                "thinkTime": 0.0,
                "wastedTime": 0.07019162178039551
            },
            {
                "transactionName": "login",
                "rawStartTime": 1665596093819,
                "rawEndTime": 1665596093973,
                "thinkTime": 0.0,
                "wastedTime": 0.0052433013916015629
            },
            {
                "transactionName": "click_flights",
                "rawStartTime": 1665596094005,
                "rawEndTime": 1665596094142,
                "thinkTime": 0.0,
                "wastedTime": 0.005356311798095703
            },
            {
                "transactionName": "click_find_flights",
                "rawStartTime": 1665596094161,
                "rawEndTime": 1665596094217,
                "thinkTime": 0.0,
                "wastedTime": 0.003971576690673828
            },
            {
                "transactionName": "choose_flight",
                "rawStartTime": 1665596094241,
                "rawEndTime": 1665596094310,
                "thinkTime": 0.0,
                "wastedTime": 0.003782510757446289
            },
            {
                "transactionName": "click_continue_in_payment",
                "rawStartTime": 1665596094334,
                "rawEndTime": 1665596094554,
                "thinkTime": 0.0,
                "wastedTime": 0.004934787750244141
            },
            {
                "transactionName": "logout",
                "rawStartTime": 1665596094586,
                "rawEndTime": 1665596094672,
                "thinkTime": 0.0,
                "wastedTime": 0.0036962032318115236
            },
            {
                "transactionName": "UC4_BookingTickets",
                "rawStartTime": 1665596093632,
                "rawEndTime": 1665596094681,
                "thinkTime": 0.0,
                "wastedTime": 0.09717631340026856
            }
        ]
    }
]