[
    {
        "actionName": "Action",
        "steps": [
            {
                "stepId": "STEP1",
                "stepName": "Url: WebTours",
                "infFile": "t2.inf",
                "time": 1665595858481
            },
            {
                "stepId": "STEP2",
                "stepName": "Submit Data: login.pl",
                "infFile": "t3.inf",
                "time": 1665595858638
            },
            {
                "stepId": "STEP3",
                "stepName": "Url: Search Flights Button",
                "infFile": "t4.inf",
                "time": 1665595858812
            },
            {
                "stepId": "STEP4",
                "stepName": "Submit Data: reservations.pl",
                "infFile": "t6.inf",
                "time": 1665595858912
            },
            {
                "stepId": "STEP5",
                "stepName": "Submit Data: reservations.pl_2",
                "infFile": "t7.inf",
                "time": 1665595859008
            },
            {
                "stepId": "STEP6",
                "stepName": "Submit Data: reservations.pl_3",
                "infFile": "t8.inf",
                "time": 1665595859103
            },
            {
                "stepId": "STEP7",
                "stepName": "Url: Itinerary Button",
                "infFile": "t9.inf",
                "time": 1665595859304
            },
            {
                "stepId": "STEP8",
                "stepName": "Url: SignOff Button",
                "infFile": "t10.inf",
                "time": 1665595859413
            }
        ],
        "transactions": [
            {
                "transactionName": "open_home_page",
                "rawStartTime": 1665595858291,
                "rawEndTime": 1665595858484,
                "thinkTime": 0.0,
                "wastedTime": 0.07877111434936524
            },
            {
                "transactionName": "login",
                "rawStartTime": 1665595858512,
                "rawEndTime": 1665595858639,
                "thinkTime": 0.0,
                "wastedTime": 0.006167411804199219
            },
            {
                "transactionName": "click_flights",
                "rawStartTime": 1665595858668,
                "rawEndTime": 1665595858812,
                "thinkTime": 0.0,
                "wastedTime": 0.007669925689697266
            },
            {
                "transactionName": "click_find_flights",
                "rawStartTime": 1665595858841,
                "rawEndTime": 1665595858913,
                "thinkTime": 0.0,
                "wastedTime": 0.005929470062255859
            },
            {
                "transactionName": "choose_flight",
                "rawStartTime": 1665595858936,
                "rawEndTime": 1665595859009,
                "thinkTime": 0.0,
                "wastedTime": 0.004765748977661133
            },
            {
                "transactionName": "fill_payment_details",
                "rawStartTime": 1665595859029,
                "rawEndTime": 1665595859103,
                "thinkTime": 0.0,
                "wastedTime": 0.0037174224853515627
            },
            {
                "transactionName": "click_itinerary",
                "rawStartTime": 1665595859121,
                "rawEndTime": 1665595859305,
                "thinkTime": 0.0,
                "wastedTime": 0.0051805973052978519
            },
            {
                "transactionName": "logout",
                "rawStartTime": 1665595859327,
                "rawEndTime": 1665595859414,
                "thinkTime": 0.0,
                "wastedTime": 0.0032186508178710939
            },
            {
                "transactionName": "UC1_BuyTicket",
                "rawStartTime": 1665595858275,
                "rawEndTime": 1665595859420,
                "thinkTime": 0.0,
                "wastedTime": 0.11542034149169922
            }
        ]
    }
]